Name,Team,IP,EV,LA
Dellin Betances,NYY,0.2,,
Jedd Gyorko,STL,0.1,,
Kyle Farmer,CIN,1.1,,
Jose Castillo,SDP,0.2,,
Andrew Vasquez,MIN,0,,
Nick Martini,OAK,1,65.8,35.5
Taylor Davis,CHC,1,76.9,-1
Pedro Avila,SDP,5.1,79.1,13
Sandy Baez,DET,1,79.2,14.8
Ian Desmond,COL,1,79.3,30.3
Ricardo Pinto,TBR,2.1,80.4,3.4
Michael King,NYY,2,81.3,18.9
Tommy Hunter,PHI,5.1,81.6,18.2
Enderson Franco,SFG,5.1,82,25.6
Alex Avila,ARI,2,82.2,2.3
Jacob Stallings,PIT,1,82.5,37.3
Hoby Milner,TBR,3.2,82.8,20.8
Brent Suter,MIL,18.1,82.9,11.4
Aaron Loup,SDP,3.1,83.9,-2.1
Ryan O'Rourke,NYM,1.1,83.9,59
Julio Urias,LAD,79.2,84.1,17.6
Mike Freeman,CLE,2,84.1,9.6
Brady Lail,NYY,2.2,84.2,2.6
A.J. Reed,CHW,1,84.3,26.3
Tyler Rogers,SFG,17.2,84.4,0.6
Bryan Holaday,MIA,0.1,84.4,-5
Dillon Maples,CHC,11.2,84.7,5
Steve Cishek,CHC,64,84.8,11.4
Jimmy Cordero,- - -,37.1,84.8,2.8
Richard Urena,TOR,1,84.8,4.4
Sergio Romo,- - -,60.1,84.9,19.6
Ryan Yarbrough,TBR,141.2,84.9,15.2
Luis Avilan,NYM,32,84.9,8.9
Tyler Olson,CLE,30.2,84.9,11.8
JB Shuck,PIT,1,85,-4.5
Chasen Shreve,STL,2,85.2,26.8
Nathan Karns,BAL,5.1,85.2,-7.9
Justin Wilson,NYM,39,85.3,6.3
Nick Goody,CLE,40.2,85.3,27.4
Adam Ottavino,NYY,66.1,85.3,14.4
Zac Rosscup,- - -,18,85.3,3.3
Pat Venditte,SFG,3.1,85.4,24.7
Sean Gilmartin,BAL,2.1,85.4,23.4
Kyle Zimmer,KCR,18.1,85.4,11.4
Darren O'Day,ATL,5.1,85.5,27.1
Matt Bowman,CIN,32,85.5,6
Michael Lorenzen,CIN,83.1,85.5,11.7
Mike Brosseau,TBR,4,85.5,10.2
Jason Adam,TOR,21.2,85.6,24.2
Alex Claudio,MIL,62,85.6,3.2
Anthony Kay,TOR,14,85.6,6.8
Brusdar Graterol,MIN,9.2,85.7,4.6
Edubray Ramos,PHI,15,85.7,21.8
Tyler Clippard,CLE,62,85.8,23
Donnie Hart,- - -,7.2,85.8,-5.4
Francisco Liriano,PIT,70,85.8,9.4
Xavier Cedeno,CHC,2,85.8,15.7
Luis Severino,NYY,12,85.8,16.2
Danny Hultzen,CHC,3.1,85.9,2.1
Jose De Leon,TBR,4,85.9,8.9
Brad Boxberger,KCR,26.2,85.9,15.3
Cole Irvin,PHI,41.2,85.9,15.5
Dillon Tate,BAL,21,86,2.5
A.J. Puk,OAK,11.1,86,11.5
Jared Walsh,LAA,5,86,-9.1
Robert Gsellman,NYM,63.2,86,12.6
Blaine Hardy,DET,44.1,86,12.2
Luke Maile,TOR,2,86.1,21.5
Jose Alvarez,PHI,59,86.1,7.7
Kenta Maeda,LAD,153.2,86.1,15.4
Brandon Woodruff,MIL,121.2,86.1,12.4
David Hale,NYY,37.2,86.1,8.6
Johnny Cueto,SFG,16,86.2,4.7
Jonathan Hernandez,TEX,16.2,86.2,6.1
Roberto Osuna,HOU,65,86.2,14.2
Deolis Guerra,MIL,0.2,86.2,22.5
Martin Perez,MIN,165.1,86.2,9.5
Seranthony Dominguez,PHI,24.2,86.3,5.6
Kenley Jansen,LAD,63,86.3,19.1
Tim Collins,CHC,8.2,86.3,14.3
Aaron Wilkerson,MIL,16,86.4,18.1
Emmanuel Clase,TEX,23.1,86.4,3.3
Paul Blackburn,OAK,11,86.4,1.3
Devin Williams,MIL,13.2,86.4,12.4
Jeremy Hellickson,WSN,39,86.4,15.8
Dennis Santana,LAD,5,86.4,6.5
Tyler Webb,STL,55,86.4,15.4
Mike Clevinger,CLE,126,86.4,13.1
Eduardo Rodriguez,BOS,203.1,86.4,9.2
Chaz Roe,TBR,51,86.5,12.3
Jack Flaherty,STL,196.1,86.5,15.2
James Karinchak,CLE,5.1,86.5,13.4
Josh Taylor,BOS,47.1,86.5,13.2
Kyle Hendricks,CHC,177,86.5,14.1
Aaron Slegers,TBR,3,86.6,22.1
Trevor Rosenthal,- - -,15.1,86.6,10.9
Ryan Pressly,HOU,54.1,86.6,6.8
Hyun-Jin Ryu,LAD,182.2,86.6,7.2
Darwinzon Hernandez,BOS,30.1,86.6,7.4
Jacob deGrom,NYM,204,86.6,13.4
Mike Morin,- - -,50.2,86.6,14.5
Brock Burke,TEX,26.2,86.6,8.6
Matt Wotherspoon,BAL,4.2,86.7,13.6
Adrian Houser,MIL,111.1,86.7,5.3
Jimmie Sherfy,ARI,18.1,86.7,23.4
Kelvin Herrera,CHW,51.1,86.7,18.1
Rich Hill,LAD,58.2,86.8,10.5
Corey Oswalt,NYM,6.2,86.8,11.2
Kyle Crick,PIT,49,86.8,14.4
Nick Ramirez,DET,79.2,86.8,11.4
Garrett Richards,SDP,8.2,86.8,7.7
Phil Maton,- - -,36.2,86.8,11.6
Noah Syndergaard,NYM,197.2,86.8,9.8
Dan Altavilla,SEA,14.2,86.8,11.5
Taylor Cole,LAA,51.2,86.8,7.1
Dustin May,LAD,34.2,86.8,8.2
Evan Marshall,CHW,50.2,86.8,10
Aroldis Chapman,NYY,57,86.9,12.3
Junior Guerra,MIL,83.2,86.9,14.3
Clay Buchholz,TOR,59,86.9,10.9
Lou Trivino,OAK,60,86.9,16
Charlie Morton,TBR,194.2,86.9,9.2
Jimmy Herget,CIN,6.1,86.9,23.5
Kirby Yates,SDP,60.2,86.9,11
Rogelio Armenteros,HOU,18,86.9,15.3
A.J. Cole,CLE,26,86.9,20.6
Corey Kluber,CLE,35.2,86.9,13.7
Mike Minor,TEX,208.1,86.9,16.5
John Schreiber,DET,13,86.9,14.6
Elieser Hernandez,MIA,82.1,86.9,21.4
Andrew Kittredge,TBR,49.2,86.9,6.3
Oliver Perez,CLE,40.2,86.9,10.7
CC Sabathia,NYY,107.1,87,14.9
Jose Urquidy,HOU,41,87,17.8
Aaron Civale,CLE,57.2,87,15
Zac Gallen,- - -,80,87,13.7
Jeremy Jeffress,MIL,52,87,7.1
Jose Berrios,MIN,200.1,87,13.9
Ben Zobrist,CHC,1,87,40.5
Craig Stammen,SDP,82,87,5.5
Matt Albers,MIL,59.2,87,8
Anibal Sanchez,WSN,166,87,14.7
Frankie Montas,OAK,96,87,9.9
Jon Edwards,CLE,8,87,12
John Gant,STL,66.1,87,9.6
Zack Wheeler,NYM,195.1,87,12.3
Alex Gordon,KCR,2.1,87,17.7
Miguel Castro,BAL,73.1,87,9.3
Jordan Hicks,STL,28.2,87,-1.6
Wei-Chung Wang,- - -,31,87.1,17.1
Jose Leclerc,TEX,68.2,87.1,19
Jimmy Nelson,MIL,22,87.1,11.8
Conner Menez,SFG,17,87.1,25.3
Carlos Martinez,STL,48.1,87.1,7.1
Hector Rondon,HOU,60.2,87.1,8.1
Tim Mayza,TOR,51.1,87.2,6.1
Wandy Peralta,- - -,39.2,87.2,6.9
Yimi Garcia,LAD,62.1,87.2,23.4
Luis Castillo,CIN,190.2,87.2,5.8
Hunter Wood,- - -,45.1,87.2,19.7
Mitch Keller,PIT,48,87.2,10.8
Justin Verlander,HOU,223,87.2,18.5
Tony Watson,SFG,54,87.2,11.2
Felipe Vazquez,PIT,60,87.2,14.1
Jorge Alcala,MIN,1.2,87.2,37.6
Tommy Milone,SEA,111.2,87.2,16.5
Caleb Ferguson,LAD,44.2,87.3,14.9
J.B. Wendelken,OAK,32.2,87.3,18.4
Sandy Alcantara,MIA,197.1,87.3,11.7
Ranger Suarez,PHI,48.2,87.3,5.2
Bobby Poyner,BOS,11.2,87.3,23.8
Rafael Montero,TEX,29,87.3,13.7
John Curtiss,LAA,2.1,87.3,14.1
Dario Agrazal,PIT,73.1,87.3,14.8
Chase Anderson,MIL,139,87.3,19
Noe Ramirez,LAA,67.2,87.3,15.8
Robert Stephenson,CIN,64.2,87.3,18.7
Gio Gonzalez,MIL,87.1,87.3,9.6
Sean Newcomb,ATL,68.1,87.4,11.7
Pedro Payano,TEX,22,87.4,10.7
Brian Schlitter,OAK,9.2,87.4,2.7
Tyler Glasnow,TBR,60.2,87.4,10.5
Jesus Luzardo,OAK,12,87.4,14.1
Joakim Soria,OAK,69,87.4,15.1
Pablo Sandoval,SFG,1,87.4,13
Pedro Baez,LAD,69.2,87.5,21.6
Daniel Zamora,NYM,8.2,87.5,21.3
Max Scherzer,WSN,172.1,87.5,13.7
Will Harris,HOU,60,87.5,4.1
Ian Kinsler,SDP,1,87.5,10.7
Robby Scott,ARI,7.1,87.5,20.1
Luke Bard,LAA,49,87.5,17.9
Jeurys Familia,NYM,60,87.5,9
Jose Rodriguez,LAA,19.2,87.5,14.7
Yacksel Rios,- - -,13,87.5,8.9
Reyes Moronta,SFG,56.2,87.5,18.6
Adam Warren,SDP,28.2,87.5,8.6
Joe Ross,WSN,64,87.5,10.1
Wade Miley,HOU,167.1,87.5,8.2
Amir Garrett,CIN,56,87.5,5.1
Zack Greinke,- - -,208.2,87.5,11
Danny Salazar,CLE,4,87.5,13.1
Locke St. John,TEX,6.2,87.5,19.8
Carl Edwards Jr.,- - -,17,87.5,20.5
Fernando Romero,MIN,14,87.5,8.3
Ryan Feierabend,TOR,5.2,87.6,13.5
Jerry Blevins,ATL,32.1,87.6,18.8
Thyago Vieira,CHW,7,87.6,12.6
Matt Moore,DET,10,87.6,4
Bryan Abreu,HOU,8.2,87.6,5.3
Gerrit Cole,HOU,212.1,87.6,14
Fernando Rodney,- - -,47.2,87.6,9.2
Adam Kolarek,- - -,55,87.6,0.2
Brian Moran,MIA,6.1,87.6,14.8
Jason Vargas,- - -,149.2,87.6,16.7
John Means,BAL,155,87.6,20.3
Michael Feliz,PIT,56.1,87.7,18.8
Austin Voth,WSN,43.2,87.7,19.5
Jose Cisnero,DET,35.1,87.7,17.4
Dylan Floro,LAD,46.2,87.7,10.1
Genesis Cabrera,STL,20.1,87.7,15.4
Enyel De Los Santos,PHI,11,87.7,13.9
Josh Lucas,BAL,15.2,87.7,12.2
Michel Baez,SDP,29.2,87.7,16.9
Aaron Barrett,WSN,2.1,87.7,25.8
Sam Tuivailala,SEA,23,87.7,20.5
Stefan Crichton,ARI,30.1,87.7,9
Tyler Chatwood,CHC,76.2,87.7,4.7
Yusmeiro Petit,OAK,83,87.8,21.4
Marco Estrada,OAK,23.2,87.8,29.1
Javy Guerra,SDP,8.2,87.8,9.1
Alex Young,ARI,83.1,87.8,10.2
Rowan Wick,CHC,33.1,87.8,10
Pat Neshek,PHI,18,87.8,15.6
Trevor May,MIN,64.1,87.8,18.6
Hunter Strickland,- - -,24.1,87.8,18.4
Drew Gagnon,NYM,23.2,87.8,16.6
Zack Britton,NYY,61.1,87.8,-8.4
Chris Bassitt,OAK,144,87.8,15
Paul Fry,BAL,57.1,87.8,3.3
Touki Toussaint,ATL,41.2,87.8,13.6
Nestor Cortes,NYY,66.2,87.8,18.3
Chris Paddack,SDP,140.2,87.8,15.6
Sam Coonrod,SFG,27.2,87.8,11.3
Ryan Weber,BOS,40.2,87.8,8.1
Carlos Torres,DET,6,87.8,14.5
Cal Quantrill,SDP,103,87.9,11.9
John Brebbia,STL,72.2,87.9,23.4
Andrew Chafin,ARI,52.2,87.9,12.5
Jake Diekman,- - -,62,87.9,9.3
A.J. Minter,ATL,29.1,87.9,11.8
Adam Cimber,CLE,56.2,87.9,4.8
Raisel Iglesias,CIN,67,87.9,20.3
Adbert Alzolay,CHC,12.1,87.9,17.9
Brandon Brennan,SEA,47.1,87.9,5.3
Stephen Strasburg,WSN,209,87.9,7.8
Austin Davis,PHI,20.2,87.9,12.5
Dylan Cease,CHW,73,87.9,12
Robbie Erlin,SDP,55.1,87.9,9.8
Sam Selman,SFG,10.1,87.9,22.4
Griffin Canning,LAA,90.1,87.9,17.4
Diego Castillo,TBR,68.2,87.9,8
Sam Howard,COL,19,87.9,16.2
Lance Lynn,TEX,208.1,87.9,13.8
Jose Peraza,CIN,1.1,87.9,29.3
Taylor Rogers,MIN,69,87.9,6.8
Collin McHugh,HOU,74.2,88,15
Justin Dunn,SEA,6.2,88,26.4
Austin Brice,MIA,44.2,88,13.6
Matt Hall,DET,23.1,88,10.2
Justin Anderson,LAA,47,88,18.6
Ben Lively,KCR,1,88,13.6
Anthony Bass,SEA,48,88,5.9
Blake Treinen,OAK,58.2,88,12.5
Mike Dunn,COL,17.2,88,18.1
Adam Morgan,PHI,29.2,88,14.7
Mike Fiers,OAK,184.2,88,15.6
Brandon Workman,BOS,71.2,88,9.6
Jeffrey Springs,TEX,32.1,88,20.9
Trevor Williams,PIT,145.2,88,17.2
Tyler Kinley,MIA,49.1,88,14.8
Andres Munoz,SDP,23,88,14.6
Fernando Abad,SFG,13,88,3.1
Tim Federowicz,TEX,1,88,33
Tim Hill,KCR,39.2,88,3.2
Adam Plutko,CLE,109.1,88.1,19.9
Asher Wojciechowski,BAL,82.1,88.1,21.4
Nick Burdi,PIT,8.2,88.1,21.7
Richard Lovelady,KCR,20,88.1,8.2
Tim Peterson,NYM,7.1,88.1,25.5
Josh D. Smith,- - -,12.2,88.1,23.9
Yonny Chirinos,TBR,133.1,88.1,11.4
Shawn Armstrong,- - -,58,88.1,21
Chi Chi Gonzalez,COL,63,88.1,11.8
Sonny Gray,CIN,175.1,88.1,9.1
Tony Sipp,WSN,21,88.1,17.2
Lucas Giolito,CHW,176.2,88.1,17.7
Yefry Ramirez,- - -,24.1,88.1,8.6
Jesse Chavez,TEX,78,88.1,13.2
Marcus Stroman,- - -,184.1,88.2,5.6
Brad Hand,CLE,57.1,88.2,20.7
Mike Soroka,ATL,174.2,88.2,6.7
Brian Dozier,WSN,1,88.2,38.8
Yoshihisa Hirano,ARI,53,88.2,11.3
Dylan Bundy,BAL,161.2,88.2,14
Trent Thornton,TOR,154.1,88.2,16.8
Arodys Vizcaino,ATL,4,88.2,21.5
Joel Kuhnel,CIN,9.2,88.2,13.8
Seth Lugo,NYM,80,88.2,14.8
Ryan Helsley,STL,36.2,88.2,18
Pablo Lopez,MIA,111.1,88.2,10.1
Dinelson Lamet,SDP,73,88.2,16.3
Jake Faria,- - -,18.2,88.2,11.2
Giovanny Gallegos,STL,74,88.2,19.6
Cody Anderson,CLE,8.2,88.2,24
Scott Oberg,COL,56,88.2,8
Michael Wacha,STL,126.2,88.2,9.6
Neil Ramirez,- - -,25,88.2,28.1
Zach Eflin,PHI,163.1,88.2,12
Kevin Ginkel,ARI,24.1,88.2,15.8
Luis Cessa,NYY,81,88.3,10.7
Shaun Anderson,SFG,96,88.3,12.1
Jonathan Holder,NYY,41.1,88.3,16.1
Austin Pruitt,TBR,47,88.3,6.4
Blake Snell,TBR,107,88.3,15
Joey Lucchesi,SDP,163.2,88.3,11.4
Daniel Ponce de Leon,STL,48.2,88.3,15.2
Josh Osich,CHW,67.2,88.3,9.8
Sam Gaviglio,TOR,95.2,88.3,10.2
Matt Wisler,- - -,51.1,88.3,15.7
Kyle Gibson,MIN,160,88.3,7.2
Shawn Kelley,TEX,47.1,88.3,19.3
Jose Ruiz,CHW,40,88.3,18.7
Marco Gonzales,SEA,203,88.3,14.7
Ryan Tepera,TOR,21.2,88.4,16.1
Ken Giles,TOR,53,88.4,15.6
T.J. McFarland,ARI,56,88.4,-0.1
Miguel Diaz,SDP,6.1,88.4,14.2
Gerardo Parra,WSN,0,88.4,9
Joe Biagini,- - -,64.2,88.4,9.6
Jeff Brigham,MIA,38.1,88.4,19.8
Rick Porcello,BOS,174.1,88.4,15.5
Patrick Sandoval,LAA,39.1,88.4,9.2
Justin Shafer,TOR,39.2,88.4,19
Alec Mills,CHC,36,88.4,11.1
Chris Stratton,- - -,76,88.4,11.8
Adam Conley,MIA,60.2,88.4,15.9
Hector Velazquez,BOS,56.1,88.4,16
Tommy Kahnle,NYY,61.1,88.4,6
Matt Ramsey,LAA,1,88.4,47.5
Nick Kingham,- - -,55.2,88.5,14.6
Miles Mikolas,STL,184,88.5,10.3
Trevor Richards,- - -,135.1,88.5,17.8
Jacob Webb,ATL,32.1,88.5,18.4
Joe Jimenez,DET,59.2,88.5,21.9
Chris Ellis,KCR,1,88.5,22.3
Jalen Beeks,TBR,104.1,88.5,10.1
Nick Margevicius,SDP,57,88.5,10.3
Wei-Chieh Huang,TEX,5.2,88.5,19.7
John Ryan Murphy,ARI,3,88.5,30.4
Andrew Miller,STL,54.2,88.5,17
Chris Sale,BOS,147.1,88.5,12.9
Jarlin Garcia,MIA,50.2,88.5,11.4
Kolby Allard,TEX,45.1,88.5,10.2
Cody Reed,CIN,6.1,88.6,-9.8
Cory Gearrin,- - -,55.1,88.6,8.3
Casey Sadler,- - -,46.1,88.6,9.1
Caleb Smith,MIA,153.1,88.6,23.3
Tony Gonsolin,LAD,40,88.6,15.8
David Price,BOS,107.1,88.6,11.6
Ian Kennedy,KCR,63.1,88.6,14.7
Clayton Kershaw,LAD,178.1,88.6,11.7
Randy Dobnak,MIN,28.1,88.6,6
Connor Sadzeck,SEA,23.2,88.6,13.7
Ryan Buchter,OAK,45.1,88.6,21.6
David Bednar,SDP,11,88.6,17.7
Clay Holmes,PIT,50,88.6,0.4
Mark Melancon,- - -,67.1,88.6,3.1
Yu Darvish,CHC,178.2,88.6,12.6
Jon Lester,CHC,171.2,88.6,12.2
Tyler Skaggs,LAA,79.2,88.6,15.6
Tanner Anderson,OAK,22.1,88.6,8.1
Luis Garcia,LAA,62,88.7,9.8
Jake Petricka,MIL,8,88.7,6.1
Chris Devenski,HOU,69,88.7,19.7
Chris Martin,- - -,55.2,88.7,8.2
Stevie Wilkerson,BAL,5.1,88.7,17.4
Jesus Tinoco,COL,36,88.7,10
Trevor Gott,SFG,52.2,88.7,13.1
Brad Brach,- - -,54.1,88.7,15
Walker Lockett,NYM,22.2,88.7,11.4
Trevor Bauer,- - -,213,88.7,16.4
David Phelps,- - -,34.1,88.7,16.4
Lucas Sims,CIN,43,88.7,25
Trey Wingenter,SDP,51,88.7,15.2
Kevin Gausman,- - -,102.1,88.7,13.8
Jesus Sucre,BAL,1,88.7,6.7
Chase De Jong,MIN,1,88.7,32.5
Ivan Nova,CHW,187,88.8,11
Keone Kela,PIT,29.2,88.8,19.1
Roenis Elias,- - -,50,88.8,15.8
Chris Rusin,COL,1,88.8,18.1
Archie Bradley,ARI,71.2,88.8,11.7
Colten Brewer,BOS,54.2,88.8,6.7
Luke Jackson,ATL,72.2,88.8,2.4
Jose Suarez,LAA,81,88.8,16.3
Alex Wilson,MIL,11.1,88.8,7.7
Dallas Keuchel,ATL,112.2,88.8,2.8
Dan Jennings,WSN,4.2,88.8,0.7
Trevor Cahill,LAA,102.1,88.8,9.1
Reynaldo Lopez,CHW,184,88.8,17.7
Buddy Boshers,TOR,20,88.8,16
Harrison Musgrave,COL,10,88.8,24.6
DJ Johnson,COL,25,88.8,10.5
Zach Davies,MIL,159.2,88.8,13.8
Mychal Givens,BAL,63,88.9,14.9
Hector Neris,PHI,67.2,88.9,13
Jay Jackson,MIL,30.1,88.9,15.2
Manny Banuelos,CHW,50.2,88.9,15.8
Robbie Ray,ARI,174.1,88.9,14.8
Oliver Drake,TBR,56,88.9,7.9
Tyler Anderson,COL,20.2,88.9,11.6
Adam Wainwright,STL,171.2,88.9,10.2
Blake Parker,- - -,61.1,88.9,14.7
Heath Hembree,BOS,39.2,88.9,26.9
Zach Duke,CIN,23.1,88.9,7.4
Steven Matz,NYM,160.1,88.9,10.3
Joe Musgrove,PIT,170.1,88.9,11.7
Miguel Del Pozo,LAA,9.1,88.9,20.5
Carson Fulmer,CHW,27.1,88.9,13.7
Kyle Ryan,CHC,61,88.9,6.1
Scott Barlow,KCR,70.1,88.9,15.3
Grant Dayton,ATL,12,88.9,22.1
Joe Kelly,LAD,51.1,88.9,0.7
Sean Reid-Foley,TOR,31.2,88.9,11.7
Bryan Garcia,DET,6.2,88.9,13.7
Justin Miller,WSN,15.2,88.9,25.9
Burch Smith,- - -,21.1,89,18
Dan Winkler,ATL,21.2,89,17.5
Hansel Robles,LAA,72.2,89,15.4
Wander Suero,WSN,71.1,89,11
Felix Pena,LAA,96.1,89,13.3
Odrisamer Despaigne,CHW,13.1,89,17.1
Richard Bleier,BAL,55.1,89,1.9
Phillips Valdez,TEX,16,89,2
Chasen Bradford,SEA,16.2,89,9
Jordan Romano,TOR,15.1,89,11.8
Jameson Taillon,PIT,37.1,89,7.7
Julio Teheran,ATL,174.2,89,15.5
Lewis Thorpe,MIN,27.2,89,16.3
Cam Bedrosian,LAA,61.1,89,10.3
Ryan Brasier,BOS,55.2,89,16.2
Drew Smyly,- - -,114,89,17.8
Masahiro Tanaka,NYY,182,89,11
Tanner Roark,- - -,165.1,89,15.5
Josh Tomlin,ATL,79.1,89,17.9
Matt Strahm,SDP,114.2,89,15.9
Alex Wood,CIN,35.2,89,13.4
Drew Steckenrider,MIA,14.1,89.1,23.4
Jacob Waguespack,TOR,78,89.1,14.8
Kyle Bird,TEX,12.2,89.1,14.1
Brad Keller,KCR,165.1,89.1,9.1
Matthew Festa,SEA,22.1,89.1,16.2
Anthony DeSclafani,CIN,166.2,89.1,12.3
James Marvel,PIT,17.1,89.1,7.6
Logan Webb,SFG,39.2,89.1,7.7
JT Chargois,LAD,21.1,89.1,6
Mike Foltynewicz,ATL,117,89.1,15
Drew VerHagen,DET,58,89.1,8.8
Max Fried,ATL,165.2,89.1,4.3
Daniel Mengden,OAK,59.2,89.1,19
Marcus Walden,BOS,78,89.1,7.5
Matt Andriese,ARI,70.2,89.1,7.6
Jace Fry,CHW,55,89.2,4.5
Matt Shoemaker,TOR,28.2,89.2,12.9
Aaron Nola,PHI,202.1,89.2,9.1
J.A. Happ,NYY,161.1,89.2,13.7
Hector Santiago,- - -,33.2,89.2,21.2
Yusei Kikuchi,SEA,161.2,89.2,12.3
Wilmer Font,- - -,84.1,89.2,18
Dan Otero,CLE,29.2,89.2,4.2
James Paxton,NYY,150.2,89.2,17.6
Wes Parsons,- - -,34.2,89.2,8.5
Ervin Santana,CHW,13.1,89.2,19.1
Erick Fedde,WSN,78,89.2,7.2
Jake Odorizzi,MIN,159,89.2,18.1
Matthew Boyd,DET,185.1,89.2,19.4
Ross Stripling,LAD,90.2,89.2,10.5
Jacob Barnes,- - -,32.2,89.2,7.3
Tyler Mahle,CIN,129.2,89.2,9.3
Jerad Eickhoff,PHI,58.1,89.2,16.8
Ryne Harper,MIN,54.1,89.2,14.8
Jonathan Loaisiga,NYY,31.2,89.3,13.7
Danny Duffy,KCR,130.2,89.3,16.3
Jose Alvarado,TBR,30,89.3,5.5
Dakota Hudson,STL,174.2,89.3,3.3
David Hernandez,CIN,42.2,89.3,20.5
Brian Johnson,BOS,40.1,89.3,14.2
Jon Duplantier,ARI,36.2,89.3,13.1
Cy Sneed,HOU,21.1,89.3,10.4
Gerardo Reyes,SDP,26,89.3,16
Daniel Descalso,CHC,1,89.3,26.4
Jake Arrieta,PHI,135.2,89.3,6.8
Walker Buehler,LAD,182.1,89.3,12.5
Pedro Strop,CHC,41.2,89.3,9
Emilio Pagan,TBR,70,89.3,21.4
Taylor Clarke,ARI,84.2,89.3,16
Josh A. Smith,BOS,31,89.3,15.4
Wade Davis,COL,42.2,89.4,14.9
Chris Archer,PIT,119.2,89.4,14.4
Wei-Yin Chen,MIA,68.1,89.4,14
Domingo German,NYY,143,89.4,15.2
Juan Nicasio,PHI,47.1,89.4,9.7
Zac Grotz,SEA,17.1,89.4,2.4
Seunghwan Oh,COL,18.1,89.4,12.6
Javy Guerra,- - -,67.2,89.4,17.7
Brandon Kintzler,CHC,57,89.4,8.4
Greg Holland,ARI,35.2,89.4,10.4
Wade LeBlanc,SEA,121.1,89.4,13.9
Dillon Peters,LAA,72,89.4,13.6
Taylor Guerrieri,TEX,26.1,89.4,5.1
Tyler Duffey,MIN,57.2,89.4,14.5
Aaron Bummer,CHW,67.2,89.4,-2.9
Paul Sewald,NYM,19.2,89.4,28.2
Joel Payamps,ARI,4,89.5,19.4
Sean Manaea,OAK,29.2,89.5,16.9
David McKay,- - -,26.1,89.5,21.2
Victor Caratini,CHC,2,89.5,11.6
Brock Stewart,- - -,25.2,89.5,15.9
Jhoulys Chacin,- - -,103.1,89.5,16.8
Kyle Freeland,COL,104.1,89.5,10
Shane Greene,- - -,62.2,89.5,13.5
Allen Webster,CHC,11,89.5,1
Jeff Samardzija,SFG,181.1,89.5,16.9
Colin Poche,TBR,51.2,89.5,30.3
Thomas Pannone,TOR,73,89.5,18.6
J.D. Hammer,PHI,19,89.5,16.8
Zack Godley,- - -,92,89.5,11.6
Stephen Tarpley,NYY,24.2,89.5,12.1
Stephen Nogosek,NYM,6.2,89.5,12.6
Framber Valdez,HOU,70.2,89.5,-1.3
Dereck Rodriguez,SFG,99,89.5,13.1
Will Smith,SFG,65.1,89.5,14.2
Jake Jewell,LAA,26.1,89.5,0.8
Sam Dyson,- - -,62.1,89.6,4.9
James Pazos,COL,10.1,89.6,0.5
Brett Anderson,OAK,176,89.6,5
Spencer Turnbull,DET,148.1,89.6,9.6
Shelby Miller,TEX,44,89.6,13.5
Edgar Garcia,PHI,39,89.6,17
Zach Plesac,CLE,115.2,89.6,14.4
Austin Adams,- - -,32,89.6,10.3
Chris Flexen,NYM,13.2,89.6,18.9
Matt Barnes,BOS,64.1,89.6,9.6
Jose Quijada,MIA,29.2,89.6,16.3
Brady Rodgers,HOU,5,89.6,12.6
Juan Minaya,CHW,27.2,89.6,21
Tyson Ross,DET,35.1,89.6,7.4
Daniel Hudson,- - -,73,89.6,16
Eric Yardley,SDP,11.2,89.6,-0.8
Buck Farmer,DET,67.2,89.7,10.2
Drew Pomeranz,- - -,104,89.7,14.6
Andrew Cashner,- - -,150,89.7,10.3
Michael Pineda,MIN,146,89.7,16.9
Matt Carasiti,SEA,9.2,89.7,10.5
Jared Hughes,- - -,71.1,89.7,1.3
Josh James,HOU,61.1,89.7,16.9
Trevor Hildenberger,MIN,16.1,89.7,11
Aaron Brooks,- - -,110,89.7,12.2
Nick Pivetta,PHI,93.2,89.7,11.2
Brooks Pounders,NYM,7.1,89.7,9.4
Parker Markel,- - -,22,89.7,17.1
Elvis Luciano,TOR,33.2,89.7,13.7
Richard Rodriguez,PIT,65.1,89.8,16.5
Liam Hendriks,OAK,85,89.8,21
Peter Lambert,COL,89.1,89.8,7.4
Brandon Dixon,DET,2,89.8,21.2
Kevin McCarthy,KCR,60.1,89.8,3.8
Carlos Rodon,CHW,34.2,89.8,14.4
Andrew Suarez,SFG,32.2,89.8,9.4
Brett Martin,TEX,62.1,89.8,6.3
Anthony Swarzak,- - -,53.1,89.9,12.9
Dylan Covey,CHW,58.2,89.9,11.2
Jon Gray,COL,150,89.9,8.3
Merrill Kelly,ARI,183.1,89.9,12.4
Derek Law,TOR,60.2,89.9,9.2
Aaron Sanchez,- - -,131.1,89.9,9.3
Cody Stashak,MIN,25,89.9,23.5
Corbin Burnes,MIL,49,89.9,10.8
Patrick Corbin,WSN,202,89.9,8.4
Luke Weaver,ARI,64.1,89.9,14.5
Eric Lauer,SDP,149.2,89.9,14.2
Branden Kline,BAL,41,89.9,12.1
Chance Adams,NYY,25.1,89.9,15.6
Art Warren,SEA,5.1,89.9,17
Jordan Lyles,- - -,141,89.9,15
Kendrys Morales,OAK,1,89.9,28.8
Jaime Barria,LAA,82.2,89.9,18.6
Tyler Bashlor,NYM,22,89.9,20.5
Cole Sulser,TBR,7.1,89.9,18.3
Robert Dugger,MIA,34.1,90,15.5
Jordan Yamamoto,MIA,78.2,90,16.9
Ariel Jurado,TEX,122.1,90,9.4
Nick Vincent,- - -,44.2,90,16
Gabriel Ynoa,BAL,110.2,90,11
Ty Buttrey,LAA,72.1,90,13.6
Jose Fernandez,DET,3.2,90,27.8
James Norwood,CHC,9.1,90,15.7
Chad Bettis,COL,63.2,90,2.5
Ben Heller,NYY,7.1,90,11.5
Jose Quintana,CHC,171,90,11.1
Luke Farrell,TEX,13.1,90.1,31.6
Mike Mayers,STL,19,90.1,22.7
Jakob Junis,KCR,175.1,90.1,12.7
Freddy Peralta,MIL,85,90.1,18.7
Antonio Senzatela,COL,124.2,90.1,4.9
Travis Lakins,BOS,23.1,90.1,9.3
R.J. Alaniz,- - -,15.2,90.1,14.2
Jake McGee,COL,41.1,90.1,15.9
T.J. Zeuch,TOR,22.2,90.1,8.9
Brad Peacock,HOU,91.2,90.1,14.3
Jairo Diaz,COL,57.2,90.1,8.1
JC Ramirez,LAA,8,90.1,3.1
Nick Tropeano,LAA,13.2,90.1,21.4
Rookie Davis,PIT,10.2,90.2,7.4
Alex Reyes,STL,3,90.2,21.3
Taylor Guilbeau,SEA,12.1,90.2,0.3
Nick Anderson,- - -,65,90.2,19.6
Devin Smeltzer,MIN,49,90.2,16.7
Tayron Guerrero,MIA,46,90.2,13.5
Ty Blach,- - -,27,90.2,15.2
Jordan Zimmermann,DET,112,90.2,12.6
Tim Melville,COL,33.1,90.3,14
Sam Freeman,LAA,2,90.3,6.3
Joe Mantiply,NYY,3,90.3,-5.6
Luis Perdomo,SDP,72,90.3,5.4
Adalberto Mejia,- - -,31.1,90.3,19.8
Hector Noesi,MIA,27.2,90.3,21.1
Chris Mazza,NYM,16.1,90.3,10.4
Shane Carle,ATL,9.1,90.3,5.7
Cole Hamels,CHC,141.2,90.3,11.3
Wily Peralta,KCR,40.1,90.3,12.2
Corbin Martin,HOU,19.1,90.3,13.4
Scott Alexander,LAD,17.1,90.3,-2.1
Ryne Stanek,- - -,77,90.3,18
Luke Gregerson,STL,5.2,90.3,6.2
Mike Montgomery,- - -,91,90.4,7
Tyler Alexander,DET,53.2,90.4,17.2
Jacob Rhame,NYM,6.1,90.4,24.5
Andrew Heaney,LAA,95.1,90.4,18.5
Madison Bumgarner,SFG,207.2,90.4,18.3
Drew Anderson,PHI,6,90.4,12.7
Geoff Hartlieb,PIT,35,90.4,8.8
Homer Bailey,- - -,163.1,90.4,14
Jorge Lopez,KCR,123.2,90.4,10.1
Chad Sobotka,ATL,29,90.4,12.3
Carlos Estevez,COL,72,90.4,15.5
Jake Barrett,NYY,3.2,90.4,31.7
Jeff Hoffman,COL,70,90.4,15.7
Jeanmar Gomez,TEX,15.1,90.4,7.1
Ross Detwiler,CHW,69.2,90.5,10.4
Steven Brault,PIT,113.1,90.5,10.2
Sean Poppen,MIN,8.1,90.5,5.4
Luis Escobar,PIT,5.2,90.5,11
Adrian Morejon,SDP,8,90.5,11.5
Edwin Diaz,NYM,58,90.5,17.4
Kohl Stewart,MIN,25.1,90.5,7.5
Thomas Eshelman,BAL,36,90.5,16.7
Bryan Shaw,COL,72,90.5,7.3
Josh Hader,MIL,75.2,90.5,26.5
Tyler Lyons,- - -,12.2,90.6,21.8
Shane Bieber,CLE,214.1,90.6,12.5
Daniel Stumpf,DET,29,90.6,16.6
Edinson Volquez,TEX,16,90.6,12.3
Kyle Dowdy,TEX,22.1,90.6,9.5
Dominic Leone,STL,40.2,90.6,15.4
Hunter Harvey,BAL,6.1,90.6,2.4
Jefry Rodriguez,CLE,46.2,90.7,10
Yency Almonte,COL,34,90.7,17.4
Ronald Bolanos,SDP,19.2,90.7,12.3
Michael Shawaryn,BOS,20.1,90.7,22.2
Jose Urena,MIA,84.2,90.7,9.1
Mike Leake,- - -,197,90.7,11.6
Ryan Carpenter,DET,40.2,90.7,13.6
Matt Harvey,LAA,59.2,90.7,12.4
Kyle Barraclough,- - -,33.2,90.7,13.1
Jimmy Yacabonis,BAL,41,90.7,15.5
Brian Flynn,KCR,29.1,90.7,12.1
Junior Fernandez,STL,11.2,90.7,1.6
Brad Wieck,- - -,34.2,90.7,18.3
Tanner Rainey,WSN,48.1,90.7,7.9
Justus Sheffield,SEA,36,90.7,6.5
Gregory Soto,DET,57.2,90.7,7.6
Reggie McClain,SEA,21,90.7,-2.4
Kevin Plawecki,CLE,2,90.8,9
Jeff Mathis,TEX,2,90.8,19.9
Gerson Bautista,SEA,9,90.8,14.7
Vince Velasquez,PHI,117.1,90.8,17.7
Glenn Sparkman,KCR,136,90.8,14.1
Victor Alcantara,DET,42.2,90.8,7.8
Alex McRae,PIT,26.2,90.8,11.7
Nathan Eovaldi,BOS,67.2,90.8,11.7
Duane Underwood Jr.,CHC,11.2,90.8,8.7
Daniel Norris,DET,144.1,90.9,11.7
Kyle Wright,ATL,19.2,90.9,12
Travis Bergen,SFG,19.2,90.9,15.5
Ryan Dull,- - -,12.2,90.9,18
Matt Magill,- - -,50.2,90.9,13.7
Sean Doolittle,WSN,60,90.9,25.1
Williams Jerez,- - -,10.1,90.9,9.1
Trevor Kelley,BOS,8.1,91,26.3
Caleb Frare,CHW,2.2,91,14
Jake Newberry,KCR,31,91,17.9
Russell Martin,LAD,4,91,19.4
Adrian Sampson,TEX,125.1,91,15.4
Michael Blazek,WSN,5,91,28.3
Derek Holland,- - -,84.1,91,14
Ray Black,- - -,16,91,18
Zac Reininger,DET,28,91,14.5
Yohander Mendez,TEX,4.2,91,20.6
Keury Mella,CIN,3.2,91.1,18.4
Matt Grace,WSN,46.2,91.1,7.2
Huascar Ynoa,ATL,3,91.1,6.8
Sal Romano,CIN,16.1,91.1,13.3
Edwin Jackson,- - -,67.2,91.1,11.9
Mike Wright Jr.,- - -,29.1,91.1,14.3
Joe Smith,HOU,25,91.2,7.9
German Marquez,COL,174,91.2,7
Brendan McKay,TBR,49,91.2,17.5
Alex Colome,CHW,61,91.2,10.3
Zack Littell,MIN,37,91.2,14.1
Anthony Banda,TBR,4,91.3,21.2
Joe Harvey,- - -,18,91.3,12.6
Tayler Scott,- - -,16.1,91.3,4.4
Tyler Beede,SFG,117,91.3,11.5
Matt Koch,ARI,20.2,91.3,15.3
Eric Skoglund,KCR,21,91.3,17
Gabe Speier,KCR,7.1,91.4,27.9
Dan Straily,BAL,47.2,91.4,21.6
Ryan Burr,CHW,19.2,91.4,9.9
Mike Ford,NYY,2,91.4,25
Bryse Wilson,ATL,20,91.4,18.7
Jeremy Walker,ATL,9.1,91.4,8.5
Montana DuRapau,PIT,17.1,91.4,15.5
Jandel Gustave,SFG,24.1,91.4,12.4
Hernan Perez,MIL,3,91.4,26.9
Pete Fairbanks,- - -,21,91.4,9.2
Tony Barnette,CHC,1.1,91.4,36.6
Erik Swanson,SEA,58,91.4,16.4
Tanner Scott,BAL,26.1,91.5,6.3
Erasmo Ramirez,BOS,3,91.5,6.5
Keynan Middleton,LAA,7.2,91.5,17.4
Jesse Biddle,- - -,28,91.5,10.7
Carlos Carrasco,CLE,80,91.5,13.3
Kyle Keller,MIA,10.2,91.6,27.6
Jaime Schultz,LAD,5,91.6,24.3
Randy Rosario,- - -,14.1,91.6,-0.4
Robert Stock,SDP,10.2,91.6,8.4
Chad Green,NYY,69,91.6,17.7
Kyle McGowin,WSN,16,91.7,9.5
Nate Jones,CHW,10.1,91.8,10.9
Eduardo Jimenez,DET,10.2,91.8,14.4
Phillip Diehl,COL,7.1,91.8,20.3
Ryan Garton,SEA,3,91.8,19.3
Evan Phillips,BAL,28,91.9,13.6
Felix Hernandez,SEA,71.2,91.9,11
Ty France,SDP,2,91.9,16
Clayton Richard,TOR,45.1,92.1,5.1
Jordan Montgomery,NYY,4,92.2,13.5
Josh Staumont,KCR,19.1,92.2,15.6
Jose Osuna,PIT,2.1,92.2,1.9
Yoan Lopez,ARI,60.2,92.2,11.8
David Hess,BAL,80,92.3,18.2
Taylor Hearn,TEX,0.1,92.3,13.8
Steven Wright,BOS,6.1,92.3,13.8
Joseph Palumbo,TEX,16.2,92.3,17
Tyler Thornburg,BOS,18.2,92.4,20.4
Austin Adams,- - -,16.2,92.4,17.2
James Hoyt,CLE,8.1,92.5,11.8
Nick Wittgren,CLE,57.2,92.5,16.3
Ian Gibaut,- - -,14.1,92.5,14.3
Heath Fillmyer,KCR,22.1,92.5,14.4
Taijuan Walker,ARI,1,92.5,19.3
Charlie Culberson,ATL,2,92.6,28.1
Craig Kimbrel,CHC,20.2,92.6,15.5
Josh Rogers,BAL,14.1,92.6,22.1
Tyler White,HOU,3.1,92.7,26.8
Adonis Rosa,NYY,2,92.7,13
Dovydas Neverauskas,PIT,9.1,92.7,11.9
Logan Allen,- - -,27.2,92.8,3.5
Victor Arano,PHI,4.2,92.9,15.7
Hanser Alberto,BAL,1,92.9,21.5
David Robertson,PHI,6.2,92.9,17.3
Chandler Shepherd,BAL,19,93,17.2
Jose Rondon,CHW,1,93.2,11
Ryan Eades,- - -,11.1,93.3,11.3
Humberto Arteaga,KCR,1.2,93.3,20.4
Taylor Williams,MIL,14.2,93.4,-2.6
Jesse Hahn,KCR,4.2,93.5,7.7
Roman Quinn,PHI,3.1,93.8,13.7
Ryan Borucki,TOR,6.2,93.8,12
Rico Garcia,COL,6,94,17.8
Mark Reynolds,COL,1,94.1,16.4
Cionel Perez,HOU,9,94.2,12.7
Cody Allen,LAA,23,94.3,24.9
Fernando Salas,PHI,2.2,94.4,12.8
Reed Garrett,DET,15.1,94.7,12.4
Austen Williams,WSN,0.1,94.7,9.8
Ehire Adrianza,MIN,1,94.8,15.3
Alex Cobb,BAL,12.1,94.9,6.3
Josh Sborz,LAD,9,95,15.3
Andrew Moore,SEA,4.2,95.4,26.1
Aaron Altherr,PHI,1,95.5,9.7
Tom Murphy,SEA,3,95.6,22.5
Jonny Venters,- - -,8,95.7,6.3
Chris Owings,KCR,1.2,95.7,26.4
Luis Ortiz,BAL,3.1,95.9,17.9
Yennsy Diaz,TOR,0.2,96.8,11.7
Reymin Guduan,HOU,5.1,97.3,20.8
Eduardo Nunez,BOS,1,97.4,24.3
Sean Rodriguez,PHI,1.1,97.8,25.3
Austin Romine,NYY,1,98,24
Dylan Moore,SEA,1,98,15.8
Caleb Joseph,ARI,1.1,98.2,12.7
David Carpenter,TEX,3.1,98.2,3.2
Nick Rumbelow,SEA,1.1,98.6,14.8
Chris Davis,BAL,1,99.3,13
Daniel Robertson,TBR,1,100.1,-2
Pedro Araujo,BAL,0.2,100.7,-1
James Bourque,WSN,0.2,102.1,-3.5
Max Stassi,HOU,0.1,103.8,-5
